id,Name,Surname,PhoneNumber,LicenseNumber,DriverRatingID,TaxiID
1,Iosep,Sommerling,752-719-1771,9525976610,100,51
2,Edee,Itter,168-419-1842,3971237665,99,52
3,Aggie,Eisold,754-796-0454,2455272982,98,53
4,Thedrick,Dabell,250-679-1601,6772383133,97,54
5,Lock,Took,742-111-8975,2389217907,96,55
6,Rhoda,Wolland,686-570-2166,9915828799,95,56
7,Elke,Fitzsimon,811-213-6730,1528416104,94,57
8,Marnie,Ruffli,387-417-5398,4524100369,93,58
9,Bernhard,Spilsbury,841-672-6080,6319361239,92,59
10,Nikolia,Farris,818-691-9869,1177068478,91,60
11,Flora,Jefferys,847-929-3698,8504859479,90,61
12,Margareta,Ramsbotham,247-956-2553,9856392624,89,62
13,Peyter,Fawson,366-120-3434,6116948138,88,63
14,Knox,Trevithick,935-337-6693,1026013984,87,64
15,Boycey,Glyde,556-527-3434,5830717034,86,65
16,Philbert,Gommey,876-211-8006,7080356695,85,66
17,Tremayne,Pettiford,547-521-6377,5946013378,84,67
18,Leupold,Guiness,337-149-0996,2986089240,83,68
19,Timoteo,Huckster,657-473-5827,7271540385,82,69
20,Orlan,Mattson,614-812-6769,0913216933,81,70
21,Ingaberg,Lipyeat,132-413-9960,2018522132,80,71
22,Timmy,Peet,532-530-3611,5669395301,79,72
23,Justina,Crumpton,990-308-1660,1477841695,78,73
24,Glynda,Prydie,438-784-1431,1830966359,77,74
25,Derby,Breed,547-508-7768,5185243953,76,75
26,Sigrid,Fahy,152-717-7809,1647357322,75,76
27,Malvin,Mockford,235-649-5022,0570392837,74,77
28,Baudoin,Simyson,335-286-1248,9482596579,73,78
29,Gerrard,Paoletto,801-345-3242,7225361813,72,79
30,Rheba,Wloch,193-201-4132,3139939418,71,80
31,Vannie,Curteis,384-440-5490,6612701854,70,81
32,Kathrine,Crunden,479-351-0894,0804137951,69,82
33,Amalee,Ewington,865-912-9275,1122981449,68,83
34,Engelbert,Litchmore,355-343-5300,7002322656,67,84
35,Dona,Bloor,211-860-8619,7985086935,66,85
36,Sue,Reade,190-723-2735,1084097419,65,86
37,Efrem,Southwood,489-124-8139,5740821061,64,87
38,Keriann,Ruppeli,742-790-0051,7471610301,63,88
39,Erin,Sneaker,433-845-1067,1071551337,62,89
40,Maynord,Pridmore,282-879-9820,6539226233,61,90
41,Maria,Kurdani,772-555-3914,6227461075,60,91
42,Jasper,Guisler,293-249-6595,9707950722,59,92
43,Shane,Janus,517-159-8718,6292190722,58,93
44,Hill,Boyes,314-144-3625,9663324775,57,94
45,Gay,Coppock.,426-944-5475,3026115436,56,95
46,Paulo,Boog,540-437-6276,1661032869,55,96
47,Chrysa,Kohter,658-520-7390,6147367889,54,97
48,Trefor,Dumphrey,482-892-1726,2621963978,53,98
49,Sarena,Mandrake,437-456-3759,2521808474,52,99
50,Olva,Throssell,212-494-1806,3877570011,51,100
51,Moll,Soffe,812-582-9008,1002492947,50,49
52,Collen,Bestall,512-240-6978,9589413099,49,48
53,Billi,Lethcoe,633-715-6456,9089331328,48,47
54,Cathyleen,Curthoys,164-720-4066,6294597528,47,46
55,Bonnie,Redford,945-773-7234,1079734678,46,45
56,Vilma,Terris,736-121-1760,7312368247,45,44
57,Jasen,Whittenbury,189-920-2987,7535035299,44,43
58,Koressa,Dicky,198-330-6995,5344778236,43,42
59,Silvio,Tomaszczyk,462-132-7156,4912722472,42,41
60,Maisey,La Batie,959-594-3562,2226437371,41,40
61,Lia,Barabisch,224-947-4137,9797181251,40,39
62,Scottie,Wincom,904-305-7984,8533555040,39,38
63,Vidovik,Gregh,728-193-7280,9496272924,38,37
64,Rhianon,Randle,758-439-2632,9078216875,37,36
65,Cassandry,Brandsen,912-608-3297,5256090232,36,35
66,Bethina,Mazin,117-477-7894,0532893182,35,34
67,Hanni,Thurner,296-941-4225,2566071918,34,33
68,Aubree,Egerton,205-895-6718,4145404696,33,32
69,Chase,Coogan,863-846-8042,6065544906,32,31
70,Guillaume,Peascod,629-884-6610,9160702052,31,30
71,Stephannie,Peeke,471-116-0080,0751793361,30,29
72,Lynne,Couchman,599-346-1470,0736587950,29,28
73,Joela,Garmons,817-705-6353,4834307182,28,27
74,Jeremy,Roles,765-715-7931,9095379027,27,26
75,Pepillo,McJerrow,842-249-8889,5577958857,26,25
76,Cirillo,Fenkel,766-294-1378,9969454188,25,24
77,Gordie,Fairall,201-495-6062,3741718912,24,23
78,Nikolos,Exter,107-498-9143,3338228503,23,22
79,Roselia,Taree,812-297-3794,9255782983,22,21
80,Wanids,Maffin,490-940-7633,2785373960,21,20
81,Napoleon,Andreuzzi,950-447-7393,1553985567,20,19
82,Lazare,Haysom,484-236-0391,3152592043,19,18
83,Selena,Carrane,101-250-8776,3846731250,18,17
84,Bondie,Attenburrow,638-993-4260,6704109838,17,16
85,Annetta,Scotfurth,361-476-6340,8502813919,16,15
86,Dilan,Garret,727-933-6191,4303883670,15,14
87,L;urette,Southby,317-727-3107,2800879114,14,13
88,Cassie,Langcaster,401-378-8211,4456498439,13,12
89,Roland,Petrushkevich,384-915-3046,9373290983,12,11
90,Chrisse,Cote,448-941-0884,5711452819,11,10
91,Orton,Klosser,676-993-3890,1964486351,10,9
92,Ashlee,Broscombe,898-586-4579,9814085316,9,8
93,Sterne,Phelipeaux,802-421-0143,7294557861,8,7
94,Broddy,Kitchingham,288-470-6971,4402151252,7,6
95,Brendan,Lashmar,163-932-8339,7592720523,6,5
96,Ludwig,Stainton,244-825-9148,5373814962,5,4
97,Juliana,Ticksall,392-786-8098,8837043589,4,3
98,Lauree,Trengove,103-342-3072,2046050002,3,2
99,Jewelle,Geeves,779-734-1669,2524409627,2,1
100,Bruis,Fulloway,208-544-5905,7975534560,1,50
