id,DateTime,status,RouteID,ClientID,PaymentID,DriverID
1,2022-03-10,true,1000,200,251,32
2,2020-10-15,false,999,201,252,46
3,2021-03-24,true,998,202,253,2
4,2020-09-23,false,997,203,254,13
5,2020-02-29,false,996,204,255,22
6,2023-06-16,true,995,205,256,46
7,2022-07-18,false,994,206,257,20
8,2022-02-22,false,993,207,258,3
9,2022-03-29,true,992,208,259,72
10,2023-08-18,true,991,209,260,6
11,2022-11-12,true,990,210,261,100
12,2020-10-23,false,989,211,262,2
13,2023-08-05,false,988,212,263,42
14,2022-06-16,true,987,213,264,84
15,2020-01-04,true,986,214,265,37
16,2023-04-10,true,985,215,266,66
17,2023-09-13,false,984,216,267,51
18,2020-07-18,false,983,217,268,62
19,2022-11-22,true,982,218,269,91
20,2020-08-27,false,981,219,270,55
21,2020-10-31,false,980,220,271,81
22,2022-05-15,false,979,221,272,33
23,2022-02-01,false,978,222,273,22
24,2023-05-08,true,977,223,274,90
25,2023-11-14,false,976,224,275,21
26,2023-09-29,true,975,225,276,71
27,2023-10-01,true,974,226,277,87
28,2022-03-18,true,973,227,278,47
29,2022-12-28,false,972,228,279,19
30,2020-12-18,true,971,229,280,48
31,2023-06-27,false,970,230,281,49
32,2021-12-01,true,969,231,282,9
33,2021-12-20,true,968,232,283,7
34,2022-12-11,false,967,233,284,27
35,2020-10-20,true,966,234,285,92
36,2020-01-20,true,965,235,286,29
37,2023-07-01,true,964,236,287,24
38,2020-05-31,true,963,237,288,99
39,2022-04-21,true,962,238,289,89
40,2021-08-03,true,961,239,290,33
41,2022-10-16,true,960,240,291,86
42,2023-11-15,true,959,241,292,84
43,2023-08-08,true,958,242,293,55
44,2021-01-05,false,957,243,294,100
45,2020-04-15,false,956,244,295,8
46,2020-02-15,false,955,245,296,40
47,2023-06-30,true,954,246,297,30
48,2021-01-12,false,953,247,298,26
49,2021-08-25,false,952,248,299,64
50,2021-02-13,false,951,249,300,32
51,2023-06-11,true,950,250,301,71
52,2021-03-17,false,949,251,302,12
53,2022-02-02,false,948,252,303,37
54,2023-01-26,true,947,253,304,24
55,2020-07-29,false,946,254,305,40
56,2023-12-24,false,945,255,306,35
57,2023-04-13,false,944,256,307,95
58,2020-04-17,true,943,257,308,36
59,2021-07-02,true,942,258,309,34
60,2023-02-25,true,941,259,310,53
61,2022-09-17,true,940,260,311,42
62,2023-04-07,true,939,261,312,59
63,2020-05-20,false,938,262,313,49
64,2022-01-13,true,937,263,314,41
65,2023-02-17,true,936,264,315,29
66,2023-10-29,false,935,265,316,79
67,2022-07-15,true,934,266,317,66
68,2022-10-01,true,933,267,318,62
69,2020-12-20,false,932,268,319,47
70,2022-07-05,true,931,269,320,70
71,2022-01-19,true,930,270,321,48
72,2022-04-13,false,929,271,322,17
73,2021-02-08,false,928,272,323,59
74,2021-08-20,true,927,273,324,69
75,2020-05-24,true,926,274,325,58
76,2021-09-25,true,925,275,326,3
77,2022-09-13,true,924,276,327,62
78,2022-12-17,true,923,277,328,92
79,2023-11-05,true,922,278,329,12
80,2023-12-23,true,921,279,330,45
81,2023-10-27,false,920,280,331,65
82,2021-10-26,false,919,281,332,70
83,2022-07-11,false,918,282,333,3
84,2022-08-29,false,917,283,334,28
85,2023-03-01,false,916,284,335,53
86,2020-02-20,false,915,285,336,70
87,2021-07-10,true,914,286,337,18
88,2023-10-23,true,913,287,338,37
89,2023-01-01,true,912,288,339,98
90,2020-11-04,true,911,289,340,84
91,2021-07-21,true,910,290,341,81
92,2020-05-09,true,909,291,342,61
93,2023-01-03,true,908,292,343,88
94,2020-05-12,false,907,293,344,93
95,2023-03-19,false,906,294,345,87
96,2022-06-29,false,905,295,346,73
97,2022-09-29,true,904,296,347,75
98,2021-10-09,false,903,297,348,45
99,2021-05-24,true,902,298,349,11
100,2020-03-10,false,901,299,350,53
101,2022-03-06,false,900,300,351,15
102,2023-05-09,true,899,301,352,19
103,2023-07-16,true,898,302,353,48
104,2020-07-15,true,897,303,354,99
105,2021-01-31,false,896,304,355,75
106,2023-06-23,false,895,305,356,27
107,2023-10-11,false,894,306,357,61
108,2022-01-20,false,893,307,358,99
109,2022-04-18,true,892,308,359,24
110,2022-10-29,true,891,309,360,86
111,2023-03-19,true,890,310,361,67
112,2020-08-27,false,889,311,362,49
113,2022-01-18,false,888,312,363,66
114,2021-12-11,false,887,313,364,13
115,2020-08-29,false,886,314,365,73
116,2023-11-13,true,885,315,366,16
117,2020-03-04,false,884,316,367,56
118,2023-06-30,true,883,317,368,12
119,2023-01-30,false,882,318,369,60
120,2020-04-19,true,881,319,370,34
121,2023-08-21,false,880,320,371,34
122,2020-09-10,true,879,321,372,68
123,2023-09-14,false,878,322,373,44
124,2020-07-01,false,877,323,374,11
125,2022-10-02,true,876,324,375,96
126,2020-05-02,true,875,325,376,66
127,2020-12-28,true,874,326,377,30
128,2023-02-17,false,873,327,378,83
129,2023-09-24,true,872,328,379,41
130,2020-08-07,false,871,329,380,22
131,2023-12-13,true,870,330,381,34
132,2020-08-18,true,869,331,382,91
133,2020-07-22,false,868,332,383,5
134,2023-05-03,true,867,333,384,82
135,2021-07-30,false,866,334,385,57
136,2022-07-20,false,865,335,386,5
137,2021-03-17,true,864,336,387,35
138,2022-04-27,false,863,337,388,9
139,2021-06-30,true,862,338,389,85
140,2020-02-27,true,861,339,390,53
141,2021-06-09,false,860,340,391,54
142,2023-09-05,true,859,341,392,41
143,2023-07-05,true,858,342,393,69
144,2022-11-26,true,857,343,394,64
145,2022-08-09,false,856,344,395,100
146,2022-11-15,true,855,345,396,15
147,2020-04-16,false,854,346,397,19
148,2022-02-28,false,853,347,398,83
149,2022-05-30,true,852,348,399,94
150,2022-08-25,false,851,349,400,67
151,2021-12-07,false,850,350,401,62
152,2023-01-17,true,849,351,402,69
153,2021-07-10,true,848,352,403,52
154,2020-06-03,false,847,353,404,31
155,2023-08-07,true,846,354,405,76
156,2021-01-11,false,845,355,406,56
157,2023-10-06,true,844,356,407,81
158,2020-04-05,false,843,357,408,77
159,2021-11-10,false,842,358,409,22
160,2021-05-11,false,841,359,410,66
161,2020-02-16,true,840,360,411,88
162,2021-06-04,false,839,361,412,18
163,2022-02-02,false,838,362,413,77
164,2022-03-03,true,837,363,414,100
165,2022-03-14,true,836,364,415,82
166,2023-06-23,false,835,365,416,7
167,2023-11-17,false,834,366,417,46
168,2023-12-17,false,833,367,418,64
169,2022-02-14,false,832,368,419,18
170,2022-01-06,true,831,369,420,6
171,2022-01-22,false,830,370,421,43
172,2023-06-15,true,829,371,422,70
173,2020-09-09,false,828,372,423,90
174,2020-12-10,true,827,373,424,82
175,2020-07-04,true,826,374,425,67
176,2020-01-17,true,825,375,426,14
177,2020-06-13,true,824,376,427,15
178,2022-09-23,true,823,377,428,47
179,2021-03-05,true,822,378,429,47
180,2022-06-01,false,821,379,430,35
181,2021-01-12,true,820,380,431,93
182,2021-04-30,true,819,381,432,38
183,2021-07-06,false,818,382,433,5
184,2021-08-30,false,817,383,434,1
185,2022-10-16,true,816,384,435,16
186,2021-09-06,true,815,385,436,4
187,2022-05-16,false,814,386,437,76
188,2022-08-03,true,813,387,438,31
189,2022-03-08,false,812,388,439,28
190,2020-01-17,true,811,389,440,96
191,2022-10-29,true,810,390,441,49
192,2022-06-10,true,809,391,442,85
193,2021-11-29,true,808,392,443,26
194,2021-04-23,true,807,393,444,2
195,2021-06-08,true,806,394,445,55
196,2021-04-26,false,805,395,446,19
197,2022-01-15,true,804,396,447,64
198,2020-12-03,false,803,397,448,23
199,2022-09-18,true,802,398,449,55
200,2020-12-19,true,801,399,450,89
201,2020-12-19,false,800,400,451,4
202,2023-12-02,false,799,1,452,92
203,2020-02-24,true,798,2,453,97
204,2022-08-03,false,797,3,454,17
205,2020-07-30,true,796,4,455,39
206,2021-04-13,false,795,5,456,35
207,2022-10-14,true,794,6,457,63
208,2021-07-08,false,793,7,458,90
209,2022-02-27,false,792,8,459,69
210,2023-11-08,false,791,9,460,57
211,2020-12-14,true,790,10,461,27
212,2020-01-21,false,789,11,462,42
213,2021-05-28,true,788,12,463,100
214,2023-03-11,true,787,13,464,59
215,2022-09-20,true,786,14,465,85
216,2020-08-02,true,785,15,466,17
217,2022-07-14,false,784,16,467,56
218,2020-10-04,true,783,17,468,82
219,2023-04-26,true,782,18,469,30
220,2023-09-26,true,781,19,470,7
221,2023-07-24,true,780,20,471,58
222,2023-03-02,true,779,21,472,38
223,2020-02-29,true,778,22,473,18
224,2023-06-28,false,777,23,474,77
225,2022-08-29,false,776,24,475,6
226,2023-05-13,false,775,25,476,9
227,2022-04-23,false,774,26,477,6
228,2021-03-07,true,773,27,478,75
229,2020-09-11,false,772,28,479,28
230,2022-06-12,true,771,29,480,80
231,2020-08-06,false,770,30,481,55
232,2022-09-02,true,769,31,482,86
233,2022-08-05,false,768,32,483,67
234,2020-10-06,false,767,33,484,79
235,2021-08-12,false,766,34,485,74
236,2021-03-17,false,765,35,486,25
237,2022-07-09,true,764,36,487,81
238,2021-03-23,false,763,37,488,37
239,2021-07-18,true,762,38,489,8
240,2022-08-11,true,761,39,490,51
241,2023-12-24,false,760,40,491,43
242,2021-02-05,false,759,41,492,72
243,2022-03-01,false,758,42,493,92
244,2021-12-09,false,757,43,494,17
245,2020-01-28,false,756,44,495,87
246,2020-03-21,true,755,45,496,29
247,2021-04-28,false,754,46,497,40
248,2020-12-25,false,753,47,498,16
249,2021-12-13,false,752,48,499,25
250,2020-05-10,false,751,49,500,98
251,2023-08-11,false,750,50,1,18
252,2022-11-29,true,749,51,2,53
253,2023-04-28,false,748,52,3,2
254,2023-01-01,false,747,53,4,26
255,2021-09-13,true,746,54,5,77
256,2022-07-20,true,745,55,6,11
257,2020-02-06,true,744,56,7,39
258,2020-04-05,true,743,57,8,9
259,2022-01-29,true,742,58,9,86
260,2021-10-20,true,741,59,10,54
261,2022-01-06,false,740,60,11,89
262,2020-05-20,true,739,61,12,76
263,2022-01-06,true,738,62,13,63
264,2022-05-26,true,737,63,14,48
265,2023-03-15,false,736,64,15,12
266,2023-12-15,true,735,65,16,43
267,2021-04-10,false,734,66,17,94
268,2020-11-22,false,733,67,18,27
269,2023-12-23,true,732,68,19,57
270,2021-05-25,false,731,69,20,31
271,2022-08-18,true,730,70,21,6
272,2020-08-31,true,729,71,22,35
273,2021-08-31,false,728,72,23,62
274,2023-08-20,false,727,73,24,15
275,2022-07-19,false,726,74,25,7
276,2023-04-06,false,725,75,26,93
277,2022-03-19,false,724,76,27,72
278,2021-11-30,false,723,77,28,43
279,2023-11-04,true,722,78,29,4
280,2021-12-16,false,721,79,30,86
281,2022-05-15,true,720,80,31,3
282,2023-07-17,true,719,81,32,10
283,2022-02-09,false,718,82,33,92
284,2021-11-23,false,717,83,34,44
285,2023-03-28,true,716,84,35,49
286,2021-08-21,false,715,85,36,99
287,2020-12-21,false,714,86,37,82
288,2023-12-05,false,713,87,38,41
289,2020-10-31,false,712,88,39,43
290,2020-01-18,false,711,89,40,72
291,2021-07-06,true,710,90,41,47
292,2021-07-28,true,709,91,42,89
293,2021-09-20,true,708,92,43,82
294,2020-11-10,false,707,93,44,8
295,2021-11-22,false,706,94,45,46
296,2022-05-11,false,705,95,46,74
297,2020-01-24,false,704,96,47,31
298,2022-10-09,true,703,97,48,2
299,2020-12-17,true,702,98,49,81
300,2020-11-20,true,701,99,50,57
301,2021-12-09,true,700,100,51,29
302,2023-01-03,true,699,452,52,85
303,2021-03-24,false,698,453,53,75
304,2023-05-23,false,697,454,54,61
305,2021-07-20,false,696,455,55,42
306,2020-10-30,true,695,456,56,86
307,2020-01-16,true,694,457,57,55
308,2023-04-23,false,693,458,58,100
309,2023-09-29,false,692,459,59,14
310,2023-02-23,false,691,460,60,76
311,2021-05-02,false,690,461,61,77
312,2020-04-28,false,689,462,62,37
313,2022-01-25,false,688,463,63,99
314,2021-03-04,true,687,464,64,53
315,2023-02-10,false,686,465,65,44
316,2022-08-20,true,685,466,66,22
317,2023-06-17,true,684,467,67,99
318,2023-03-30,true,683,468,68,22
319,2020-08-05,false,682,469,69,39
320,2021-07-04,false,681,470,70,76
321,2020-11-26,false,680,471,71,8
322,2022-11-22,true,679,472,72,52
323,2022-10-01,true,678,473,73,17
324,2023-09-20,false,677,474,74,40
325,2023-04-23,true,676,475,75,92
326,2021-03-24,true,675,476,76,55
327,2022-10-28,false,674,477,77,91
328,2021-01-12,true,673,478,78,92
329,2020-12-20,true,672,479,79,31
330,2023-03-21,true,671,480,80,38
331,2023-05-19,false,670,481,81,55
332,2021-08-19,false,669,482,82,12
333,2020-11-08,false,668,483,83,84
334,2022-02-21,true,667,484,84,71
335,2023-09-09,false,666,485,85,22
336,2020-07-19,false,665,486,86,42
337,2023-09-05,true,664,487,87,43
338,2020-08-23,false,663,488,88,68
339,2022-07-08,true,662,489,89,51
340,2020-11-26,false,661,490,90,93
341,2020-09-25,false,660,491,91,31
342,2022-10-02,false,659,492,92,8
343,2022-11-06,false,658,493,93,28
344,2021-04-29,false,657,494,94,33
345,2022-01-20,true,656,495,95,87
346,2023-09-28,true,655,496,96,76
347,2020-03-16,false,654,497,97,27
348,2021-04-01,true,653,498,98,72
349,2021-01-12,false,652,499,99,70
350,2021-01-17,false,651,500,100,15
351,2022-10-10,true,650,501,101,63
352,2020-07-12,true,649,502,102,88
353,2023-07-21,false,648,503,103,100
354,2020-02-09,true,647,504,104,11
355,2020-09-19,false,646,505,105,42
356,2020-01-16,true,645,506,106,37
357,2021-06-07,false,644,507,107,68
358,2020-11-21,true,643,508,108,43
359,2023-03-25,true,642,509,109,89
360,2022-04-21,false,641,510,110,50
361,2020-05-19,false,640,511,111,21
362,2020-05-09,true,639,512,112,100
363,2023-02-08,true,638,513,113,20
364,2022-07-22,true,637,514,114,98
365,2020-02-26,false,636,515,115,84
366,2023-11-26,true,635,516,116,78
367,2020-10-16,false,634,517,117,93
368,2021-01-02,true,633,518,118,42
369,2021-01-12,false,632,519,119,63
370,2020-08-13,false,631,520,120,98
371,2022-07-10,true,630,521,121,39
372,2022-01-12,false,629,522,122,79
373,2022-01-23,false,628,523,123,37
374,2021-03-13,false,627,524,124,99
375,2023-02-11,false,626,525,125,16
376,2021-11-06,true,625,526,126,48
377,2020-02-07,false,624,527,127,62
378,2022-02-15,false,623,528,128,12
379,2022-09-02,true,622,529,129,78
380,2023-03-09,true,621,530,130,83
381,2021-12-31,false,620,531,131,29
382,2021-09-20,false,619,532,132,50
383,2020-04-25,true,618,533,133,7
384,2021-09-15,false,617,534,134,49
385,2022-08-23,false,616,535,135,80
386,2021-09-20,false,615,536,136,69
387,2020-01-03,false,614,537,137,32
388,2021-10-04,true,613,538,138,38
389,2022-06-18,true,612,539,139,33
390,2022-08-29,true,611,540,140,7
391,2021-04-19,false,610,541,141,35
392,2023-01-28,false,609,542,142,57
393,2022-01-23,true,608,543,143,95
394,2021-04-19,false,607,544,144,94
395,2023-12-10,true,606,545,145,79
396,2023-10-01,true,605,546,146,29
397,2020-08-18,true,604,547,147,85
398,2020-09-09,false,603,548,148,20
399,2022-07-02,true,602,549,149,73
400,2022-04-02,true,601,550,150,54
401,2020-08-31,true,600,551,151,81
402,2020-07-16,false,599,552,152,96
403,2023-08-02,true,598,553,153,49
404,2020-01-12,true,597,554,154,49
405,2022-03-30,true,596,555,155,34
406,2022-07-20,true,595,556,156,41
407,2021-10-14,false,594,557,157,66
408,2022-01-16,false,593,558,158,49
409,2023-06-07,false,592,559,159,15
410,2022-05-25,true,591,560,160,52
411,2021-09-18,true,590,561,161,100
412,2021-11-21,true,589,562,162,52
413,2021-11-27,true,588,563,163,65
414,2023-01-21,true,587,564,164,8
415,2020-09-05,true,586,565,165,53
416,2023-11-09,false,585,566,166,71
417,2022-08-21,true,584,567,167,51
418,2020-01-10,false,583,568,168,18
419,2023-06-04,true,582,569,169,51
420,2020-08-07,true,581,570,170,92
421,2023-02-03,false,580,571,171,92
422,2021-08-21,true,579,572,172,24
423,2020-11-11,true,578,573,173,64
424,2020-03-15,true,577,574,174,4
425,2021-06-18,false,576,575,175,22
426,2021-04-19,false,575,576,176,49
427,2023-02-11,true,574,577,177,18
428,2023-12-20,true,573,578,178,37
429,2023-10-09,false,572,579,179,74
430,2020-11-29,false,571,580,180,57
431,2020-11-12,true,570,581,181,93
432,2022-05-14,false,569,582,182,99
433,2021-05-25,true,568,583,183,75
434,2022-01-14,true,567,584,184,21
435,2020-09-01,false,566,585,185,66
436,2022-02-21,false,565,586,186,22
437,2021-01-12,true,564,587,187,70
438,2021-09-20,true,563,588,188,72
439,2021-10-12,false,562,589,189,15
440,2020-11-19,true,561,590,190,35
441,2023-07-27,true,560,591,191,38
442,2023-12-13,false,559,592,192,29
443,2020-11-23,false,558,593,193,81
444,2023-08-14,true,557,594,194,9
445,2020-07-04,true,556,595,195,41
446,2020-01-12,false,555,596,196,90
447,2022-08-10,true,554,597,197,94
448,2021-07-16,false,553,598,198,8
449,2023-06-16,false,552,599,199,74
450,2022-10-06,false,551,600,200,29
451,2023-09-22,false,550,302,201,23
452,2022-07-09,true,549,303,202,43
453,2022-08-02,true,548,304,203,13
454,2022-10-21,true,547,305,204,32
455,2020-12-15,false,546,306,205,59
456,2021-11-30,false,545,307,206,59
457,2021-01-26,true,544,308,207,11
458,2022-03-14,true,543,309,208,46
459,2021-04-15,true,542,310,209,21
460,2023-06-10,false,541,311,210,81
461,2022-02-25,true,540,312,211,21
462,2023-10-05,false,539,313,212,41
463,2020-10-17,true,538,314,213,44
464,2022-07-19,false,537,315,214,24
465,2022-12-20,false,536,316,215,54
466,2021-05-18,true,535,317,216,55
467,2022-06-22,false,534,318,217,72
468,2021-09-28,true,533,319,218,98
469,2022-03-05,true,532,320,219,85
470,2021-04-27,true,531,321,220,47
471,2021-08-04,true,530,322,221,62
472,2021-01-26,true,529,323,222,1
473,2023-06-13,true,528,324,223,62
474,2020-06-02,false,527,325,224,94
475,2022-12-02,true,526,326,225,61
476,2020-10-20,false,525,327,226,34
477,2020-11-12,false,524,328,227,5
478,2022-09-24,true,523,329,228,32
479,2022-05-15,false,522,330,229,63
480,2023-04-16,true,521,331,230,62
481,2021-01-31,true,520,332,231,21
482,2022-05-06,true,519,333,232,50
483,2020-05-15,false,518,334,233,15
484,2021-07-10,false,517,335,234,32
485,2020-12-29,true,516,336,235,39
486,2023-09-18,false,515,337,236,24
487,2023-12-14,true,514,338,237,78
488,2023-04-19,true,513,339,238,29
489,2023-07-25,false,512,340,239,73
490,2021-03-30,true,511,341,240,23
491,2022-07-10,false,510,342,241,52
492,2023-08-23,false,509,343,242,36
493,2023-05-21,false,508,344,243,59
494,2020-04-08,true,507,345,244,89
495,2020-01-13,true,506,346,245,58
496,2022-02-18,true,505,347,246,92
497,2021-04-22,false,504,348,247,17
498,2021-02-01,true,503,349,248,74
499,2022-07-01,false,502,350,249,62
500,2021-03-21,false,501,351,250,51
501,2020-03-13,true,500,352,751,15
502,2023-01-10,true,499,353,752,65
503,2020-11-18,true,498,354,753,84
504,2023-01-12,false,497,355,754,63
505,2020-02-28,false,496,356,755,21
506,2022-03-29,false,495,357,756,55
507,2022-01-05,true,494,358,757,1
508,2022-04-13,true,493,359,758,2
509,2022-08-12,false,492,360,759,25
510,2022-02-16,true,491,361,760,68
511,2020-11-07,false,490,362,761,2
512,2023-01-13,true,489,363,762,13
513,2022-02-24,true,488,364,763,41
514,2020-10-10,false,487,365,764,55
515,2022-10-20,false,486,366,765,34
516,2020-04-09,false,485,367,766,78
517,2021-03-29,true,484,368,767,85
518,2020-04-24,false,483,369,768,42
519,2022-07-03,true,482,370,769,15
520,2023-03-08,false,481,371,770,83
521,2020-04-09,true,480,372,771,87
522,2021-12-30,false,479,373,772,58
523,2021-08-01,false,478,374,773,52
524,2020-12-06,true,477,375,774,46
525,2023-07-09,true,476,376,775,90
526,2020-10-07,true,475,377,776,88
527,2020-09-29,true,474,378,777,58
528,2023-05-21,false,473,379,778,50
529,2021-09-10,true,472,380,779,42
530,2020-04-29,false,471,381,780,25
531,2022-07-10,true,470,382,781,50
532,2022-04-22,true,469,383,782,5
533,2022-05-12,true,468,384,783,70
534,2023-05-11,true,467,385,784,39
535,2022-02-28,true,466,386,785,49
536,2020-04-07,false,465,387,786,20
537,2021-05-03,false,464,388,787,83
538,2023-05-15,false,463,389,788,15
539,2020-10-05,false,462,390,789,93
540,2020-06-03,true,461,391,790,66
541,2020-05-22,false,460,392,791,11
542,2022-12-13,true,459,393,792,29
543,2023-10-21,true,458,394,793,77
544,2020-02-07,true,457,395,794,2
545,2022-05-28,true,456,396,795,24
546,2021-11-05,true,455,397,796,15
547,2022-12-01,false,454,398,797,96
548,2023-12-29,true,453,399,798,47
549,2020-03-28,false,452,400,799,40
550,2022-06-15,false,451,401,800,67
551,2021-10-26,true,450,402,801,13
552,2023-06-01,false,449,403,802,57
553,2020-05-16,true,448,404,803,8
554,2023-07-23,false,447,405,804,2
555,2021-05-15,true,446,406,805,89
556,2021-02-22,false,445,407,806,97
557,2021-12-17,true,444,408,807,50
558,2020-03-01,true,443,409,808,2
559,2020-11-17,true,442,410,809,3
560,2023-07-08,true,441,411,810,58
561,2023-12-18,true,440,412,811,20
562,2021-03-27,true,439,413,812,5
563,2020-05-25,true,438,414,813,83
564,2021-11-14,true,437,415,814,30
565,2021-10-20,true,436,416,815,44
566,2023-12-17,false,435,417,816,38
567,2021-03-02,false,434,418,817,99
568,2022-05-22,false,433,419,818,72
569,2022-01-31,false,432,420,819,14
570,2020-01-30,false,431,421,820,10
571,2020-09-12,true,430,422,821,35
572,2022-05-25,true,429,423,822,59
573,2020-08-08,false,428,424,823,46
574,2023-03-02,true,427,425,824,68
575,2021-09-18,false,426,426,825,72
576,2021-05-31,true,425,427,826,66
577,2023-12-14,true,424,428,827,47
578,2022-08-11,false,423,429,828,29
579,2020-01-17,false,422,430,829,17
580,2020-06-27,false,421,431,830,94
581,2021-01-13,false,420,432,831,19
582,2020-02-12,true,419,433,832,58
583,2020-09-18,true,418,434,833,11
584,2023-02-01,false,417,435,834,87
585,2021-10-11,true,416,436,835,75
586,2020-07-20,false,415,437,836,22
587,2023-01-29,true,414,438,837,44
588,2020-10-17,true,413,439,838,97
589,2023-06-06,false,412,440,839,35
590,2023-05-15,true,411,441,840,78
591,2021-01-13,false,410,442,841,51
592,2020-11-21,true,409,443,842,61
593,2022-12-18,false,408,444,843,76
594,2021-02-18,false,407,445,844,38
595,2020-11-03,true,406,446,845,15
596,2021-02-08,true,405,447,846,99
597,2022-04-13,true,404,448,847,10
598,2020-06-14,true,403,449,848,52
599,2022-11-25,true,402,450,849,69
600,2023-07-02,true,401,451,850,14
601,2022-05-26,false,400,801,851,74
602,2020-08-18,true,399,802,852,3
603,2020-10-22,true,398,803,853,6
604,2021-12-08,true,397,804,854,49
605,2023-12-14,true,396,805,855,30
606,2022-09-02,false,395,806,856,26
607,2023-09-15,false,394,807,857,37
608,2020-01-08,false,393,808,858,60
609,2020-03-13,false,392,809,859,8
610,2022-05-13,true,391,810,860,10
611,2020-12-05,true,390,811,861,70
612,2022-12-15,false,389,812,862,60
613,2022-04-13,true,388,813,863,2
614,2021-10-19,false,387,814,864,7
615,2020-01-19,false,386,815,865,54
616,2020-09-15,true,385,816,866,77
617,2020-08-16,true,384,817,867,28
618,2022-02-07,false,383,818,868,72
619,2021-01-02,false,382,819,869,38
620,2020-09-09,false,381,820,870,90
621,2023-02-23,true,380,821,871,37
622,2020-12-29,true,379,822,872,5
623,2022-09-11,false,378,823,873,55
624,2023-01-17,false,377,824,874,96
625,2020-08-19,true,376,825,875,18
626,2023-11-26,true,375,826,876,8
627,2020-02-22,false,374,827,877,91
628,2020-10-30,false,373,828,878,10
629,2023-02-18,true,372,829,879,12
630,2020-03-20,true,371,830,880,88
631,2023-04-04,false,370,831,881,73
632,2020-08-13,false,369,832,882,5
633,2022-08-22,false,368,833,883,3
634,2022-03-07,false,367,834,884,94
635,2022-09-16,false,366,835,885,88
636,2023-06-09,false,365,836,886,9
637,2022-09-27,true,364,837,887,14
638,2021-11-29,true,363,838,888,70
639,2020-08-27,false,362,839,889,100
640,2020-03-28,false,361,840,890,16
641,2022-08-17,true,360,841,891,70
642,2022-10-13,true,359,842,892,14
643,2023-11-28,true,358,843,893,62
644,2021-02-07,false,357,844,894,18
645,2020-03-14,false,356,845,895,98
646,2022-03-10,true,355,846,896,59
647,2020-01-25,false,354,847,897,92
648,2021-09-18,false,353,848,898,90
649,2021-06-27,false,352,849,899,24
650,2023-08-13,true,351,850,900,49
651,2021-03-31,true,350,851,901,21
652,2023-09-06,false,349,852,902,84
653,2021-12-21,true,348,853,903,3
654,2022-06-02,true,347,854,904,96
655,2020-03-18,true,346,855,905,95
656,2023-04-19,false,345,856,906,75
657,2020-02-01,true,344,857,907,81
658,2023-11-20,false,343,858,908,82
659,2020-12-04,true,342,859,909,18
660,2021-09-11,true,341,860,910,68
661,2023-03-21,false,340,861,911,44
662,2022-03-29,false,339,862,912,5
663,2021-09-09,false,338,863,913,2
664,2023-12-18,true,337,864,914,94
665,2020-07-09,false,336,865,915,91
666,2023-08-23,false,335,866,916,22
667,2022-01-19,false,334,867,917,36
668,2023-03-08,false,333,868,918,12
669,2021-01-06,true,332,869,919,18
670,2020-10-01,true,331,870,920,55
671,2021-01-24,true,330,871,921,6
672,2020-12-01,false,329,872,922,53
673,2022-10-26,true,328,873,923,38
674,2021-05-17,false,327,874,924,67
675,2022-12-03,false,326,875,925,15
676,2022-11-09,true,325,876,926,75
677,2023-07-13,true,324,877,927,12
678,2020-03-03,true,323,878,928,93
679,2023-09-23,false,322,879,929,44
680,2020-01-27,false,321,880,930,34
681,2023-11-22,false,320,881,931,39
682,2023-11-07,true,319,882,932,12
683,2021-09-18,true,318,883,933,32
684,2021-01-07,true,317,884,934,23
685,2021-12-10,false,316,885,935,13
686,2022-02-13,false,315,886,936,50
687,2021-07-27,true,314,887,937,34
688,2023-05-02,false,313,888,938,14
689,2023-06-13,true,312,889,939,51
690,2022-09-17,false,311,890,940,24
691,2021-04-25,false,310,891,941,65
692,2023-09-17,true,309,892,942,67
693,2020-03-01,false,308,893,943,18
694,2023-04-16,true,307,894,944,59
695,2022-12-01,false,306,895,945,35
696,2022-04-18,true,305,896,946,73
697,2020-10-29,false,304,897,947,32
698,2020-02-18,true,303,898,948,29
699,2021-12-21,true,302,899,949,84
700,2022-06-09,true,301,900,950,62
701,2023-07-13,true,300,901,951,71
702,2022-11-01,true,299,902,952,83
703,2022-11-21,true,298,903,953,4
704,2022-07-02,true,297,904,954,56
705,2020-02-17,true,296,905,955,65
706,2021-01-14,true,295,906,956,14
707,2021-05-10,false,294,907,957,20
708,2023-10-17,true,293,908,958,13
709,2022-09-09,false,292,909,959,43
710,2020-01-25,true,291,910,960,41
711,2020-03-23,false,290,911,961,29
712,2022-05-29,true,289,912,962,33
713,2022-08-15,true,288,913,963,95
714,2022-08-17,false,287,914,964,76
715,2020-02-05,false,286,915,965,27
716,2021-10-18,true,285,916,966,17
717,2021-07-30,true,284,917,967,38
718,2022-09-01,false,283,918,968,72
719,2020-09-13,true,282,919,969,94
720,2021-04-17,false,281,920,970,5
721,2020-02-26,true,280,921,971,61
722,2022-10-28,true,279,922,972,60
723,2023-06-11,true,278,923,973,95
724,2021-12-02,true,277,924,974,72
725,2022-12-24,false,276,925,975,19
726,2022-10-05,true,275,926,976,64
727,2020-07-16,false,274,927,977,44
728,2022-05-28,false,273,928,978,74
729,2020-09-29,false,272,929,979,11
730,2023-12-14,false,271,930,980,63
731,2023-02-19,false,270,931,981,59
732,2020-10-15,true,269,932,982,59
733,2021-02-16,false,268,933,983,88
734,2023-08-05,false,267,934,984,35
735,2023-10-04,false,266,935,985,32
736,2022-06-06,true,265,936,986,50
737,2020-06-21,false,264,937,987,33
738,2021-02-17,true,263,938,988,79
739,2021-01-12,false,262,939,989,30
740,2023-05-28,true,261,940,990,80
741,2022-03-10,false,260,941,991,99
742,2023-02-20,false,259,942,992,66
743,2020-03-11,true,258,943,993,74
744,2020-07-07,true,257,944,994,42
745,2020-06-06,true,256,945,995,57
746,2022-10-03,false,255,946,996,76
747,2022-07-26,false,254,947,997,99
748,2022-10-24,true,253,948,998,16
749,2020-07-29,false,252,949,999,33
750,2020-03-28,false,251,950,1000,4
751,2022-08-02,true,250,951,750,38
752,2023-01-31,true,249,952,501,79
753,2023-02-20,false,248,953,502,86
754,2021-02-15,false,247,954,503,59
755,2020-05-29,false,246,955,504,46
756,2023-07-25,false,245,956,505,22
757,2023-04-17,false,244,957,506,63
758,2021-03-20,true,243,958,507,25
759,2020-09-06,false,242,959,508,85
760,2023-08-29,false,241,960,509,83
761,2021-11-15,false,240,961,510,51
762,2021-11-08,false,239,962,511,47
763,2020-01-17,false,238,963,512,16
764,2023-08-15,true,237,964,513,6
765,2023-10-06,true,236,965,514,21
766,2023-10-01,false,235,966,515,41
767,2021-11-24,false,234,967,516,81
768,2020-03-10,true,233,968,517,15
769,2022-05-29,false,232,969,518,31
770,2020-04-12,false,231,970,519,80
771,2023-02-27,true,230,971,520,36
772,2020-10-03,true,229,972,521,67
773,2021-09-30,true,228,973,522,33
774,2021-06-06,false,227,974,523,10
775,2020-05-03,true,226,975,524,43
776,2021-07-02,false,225,976,525,84
777,2023-12-18,false,224,977,526,3
778,2023-12-14,false,223,978,527,65
779,2023-11-08,true,222,979,528,74
780,2020-09-15,false,221,980,529,9
781,2020-09-01,false,220,981,530,64
782,2020-04-28,false,219,982,531,32
783,2020-02-25,false,218,983,532,12
784,2020-05-31,true,217,984,533,57
785,2021-08-04,true,216,985,534,55
786,2022-04-10,true,215,986,535,97
787,2021-02-05,false,214,987,536,13
788,2020-02-04,true,213,988,537,64
789,2023-03-13,true,212,989,538,77
790,2022-04-04,true,211,990,539,8
791,2022-11-13,false,210,991,540,46
792,2021-03-10,true,209,992,541,94
793,2022-11-03,true,208,993,542,94
794,2021-06-17,false,207,994,543,84
795,2021-11-10,false,206,995,544,32
796,2021-03-23,false,205,996,545,66
797,2022-02-22,true,204,997,546,9
798,2022-10-30,true,203,998,547,3
799,2022-01-31,false,202,999,548,72
800,2021-08-19,false,201,1000,549,8
801,2023-09-15,true,200,601,550,15
802,2020-11-20,false,199,602,551,54
803,2022-05-28,false,198,603,552,26
804,2020-11-28,false,197,604,553,22
805,2023-09-19,true,196,605,554,36
806,2021-03-12,false,195,606,555,51
807,2021-08-13,true,194,607,556,35
808,2023-01-17,true,193,608,557,57
809,2020-09-07,true,192,609,558,99
810,2020-09-19,false,191,610,559,36
811,2023-07-22,true,190,611,560,80
812,2020-06-17,false,189,612,561,94
813,2021-02-22,false,188,613,562,75
814,2023-10-31,true,187,614,563,63
815,2023-09-20,true,186,615,564,67
816,2021-05-15,false,185,616,565,22
817,2021-08-25,false,184,617,566,34
818,2020-01-03,false,183,618,567,1
819,2020-02-16,false,182,619,568,68
820,2022-11-05,true,181,620,569,27
821,2022-04-04,false,180,621,570,27
822,2022-05-15,false,179,622,571,89
823,2021-11-19,false,178,623,572,88
824,2021-02-15,true,177,624,573,77
825,2021-04-20,true,176,625,574,74
826,2021-03-29,true,175,626,575,84
827,2022-11-04,true,174,627,576,72
828,2022-02-08,false,173,628,577,94
829,2021-09-07,true,172,629,578,50
830,2020-10-31,false,171,630,579,73
831,2022-09-30,true,170,631,580,23
832,2020-12-12,false,169,632,581,47
833,2020-12-24,true,168,633,582,37
834,2023-11-28,true,167,634,583,11
835,2023-07-21,true,166,635,584,93
836,2022-11-25,false,165,636,585,30
837,2020-01-14,true,164,637,586,46
838,2020-08-11,false,163,638,587,52
839,2022-06-17,false,162,639,588,95
840,2023-07-12,true,161,640,589,87
841,2020-12-19,false,160,641,590,93
842,2021-10-29,false,159,642,591,72
843,2020-03-11,true,158,643,592,55
844,2022-06-26,false,157,644,593,36
845,2022-09-09,true,156,645,594,81
846,2022-12-30,false,155,646,595,85
847,2020-09-15,false,154,647,596,77
848,2021-10-27,true,153,648,597,10
849,2021-01-14,false,152,649,598,71
850,2020-12-21,false,151,650,599,88
851,2022-08-19,false,150,651,600,92
852,2021-10-15,true,149,652,601,90
853,2022-02-19,true,148,653,602,13
854,2022-01-14,false,147,654,603,65
855,2022-09-16,false,146,655,604,99
856,2023-04-18,false,145,656,605,80
857,2023-02-25,true,144,657,606,62
858,2020-02-10,true,143,658,607,53
859,2022-05-03,false,142,659,608,8
860,2023-06-12,true,141,660,609,15
861,2021-07-16,false,140,661,610,98
862,2022-11-11,true,139,662,611,28
863,2022-01-17,false,138,663,612,70
864,2023-06-11,false,137,664,613,76
865,2020-07-03,false,136,665,614,37
866,2021-12-15,false,135,666,615,17
867,2023-11-26,true,134,667,616,5
868,2021-06-18,true,133,668,617,83
869,2021-08-19,false,132,669,618,95
870,2020-03-04,true,131,670,619,20
871,2020-09-24,true,130,671,620,51
872,2023-08-27,false,129,672,621,59
873,2020-08-24,false,128,673,622,46
874,2022-09-12,false,127,674,623,89
875,2023-06-26,true,126,675,624,63
876,2021-08-18,false,125,676,625,51
877,2020-03-01,true,124,677,626,45
878,2023-11-07,false,123,678,627,88
879,2021-06-21,true,122,679,628,84
880,2021-07-13,true,121,680,629,30
881,2020-10-17,true,120,681,630,43
882,2021-03-29,false,119,682,631,2
883,2023-06-17,true,118,683,632,23
884,2021-06-01,false,117,684,633,86
885,2021-01-01,true,116,685,634,33
886,2020-07-19,true,115,686,635,42
887,2021-01-01,true,114,687,636,72
888,2022-11-18,true,113,688,637,52
889,2021-08-12,true,112,689,638,67
890,2023-08-25,false,111,690,639,35
891,2023-01-20,true,110,691,640,19
892,2021-09-23,false,109,692,641,61
893,2022-08-06,false,108,693,642,2
894,2023-09-23,true,107,694,643,65
895,2022-11-15,false,106,695,644,52
896,2020-02-27,false,105,696,645,50
897,2020-03-10,false,104,697,646,38
898,2020-02-09,true,103,698,647,71
899,2022-08-07,false,102,699,648,91
900,2021-02-03,false,101,700,649,46
901,2021-09-26,false,100,701,650,28
902,2023-10-05,true,99,702,651,42
903,2022-04-12,false,98,703,652,87
904,2023-06-02,true,97,704,653,93
905,2023-02-11,true,96,705,654,83
906,2023-11-29,false,95,706,655,92
907,2020-04-17,false,94,707,656,44
908,2023-08-31,true,93,708,657,85
909,2021-04-08,false,92,709,658,6
910,2023-11-09,false,91,710,659,83
911,2023-09-09,true,90,711,660,7
912,2022-07-14,true,89,712,661,14
913,2022-10-11,true,88,713,662,38
914,2022-04-13,false,87,714,663,11
915,2022-10-09,false,86,715,664,88
916,2023-03-30,true,85,716,665,59
917,2022-08-18,true,84,717,666,82
918,2022-10-12,true,83,718,667,35
919,2022-09-03,false,82,719,668,48
920,2020-02-26,true,81,720,669,26
921,2022-03-10,true,80,721,670,95
922,2023-06-03,true,79,722,671,90
923,2023-04-09,false,78,723,672,64
924,2023-07-19,true,77,724,673,84
925,2020-12-23,true,76,725,674,4
926,2021-07-30,false,75,726,675,15
927,2021-11-09,false,74,727,676,82
928,2023-05-23,true,73,728,677,65
929,2023-07-06,false,72,729,678,96
930,2022-07-09,true,71,730,679,55
931,2023-06-06,false,70,731,680,67
932,2021-07-09,true,69,732,681,82
933,2020-04-11,true,68,733,682,29
934,2021-12-25,false,67,734,683,31
935,2023-07-12,false,66,735,684,32
936,2020-11-30,true,65,736,685,79
937,2021-08-06,true,64,737,686,54
938,2020-12-25,false,63,738,687,78
939,2020-09-10,true,62,739,688,45
940,2023-07-09,true,61,740,689,51
941,2021-05-17,false,60,741,690,33
942,2022-05-01,true,59,742,691,7
943,2021-06-05,false,58,743,692,48
944,2020-10-29,false,57,744,693,77
945,2020-01-23,false,56,745,694,70
946,2023-08-05,false,55,746,695,43
947,2020-05-23,true,54,747,696,87
948,2021-08-31,false,53,748,697,63
949,2023-08-25,false,52,749,698,29
950,2020-07-30,true,51,750,699,13
951,2020-04-22,false,50,751,700,100
952,2023-09-26,true,49,752,701,86
953,2020-06-18,true,48,753,702,53
954,2022-07-02,true,47,754,703,58
955,2021-04-11,false,46,755,704,51
956,2023-04-24,false,45,756,705,91
957,2023-03-19,true,44,757,706,65
958,2020-08-18,true,43,758,707,24
959,2023-07-13,false,42,759,708,51
960,2023-04-14,true,41,760,709,68
961,2021-06-30,false,40,761,710,46
962,2021-09-20,false,39,762,711,16
963,2022-06-30,false,38,763,712,35
964,2022-07-26,false,37,764,713,34
965,2020-12-18,false,36,765,714,84
966,2020-07-31,true,35,766,715,27
967,2023-05-15,false,34,767,716,85
968,2022-11-02,true,33,768,717,61
969,2021-09-08,false,32,769,718,15
970,2021-04-23,true,31,770,719,27
971,2020-10-12,false,30,771,720,45
972,2023-08-11,false,29,772,721,38
973,2022-04-20,false,28,773,722,88
974,2022-01-15,false,27,774,723,1
975,2023-05-07,true,26,775,724,89
976,2022-05-15,true,25,776,725,23
977,2020-08-09,false,24,777,726,7
978,2022-11-09,false,23,778,727,68
979,2023-07-26,false,22,779,728,30
980,2021-10-09,true,21,780,729,84
981,2023-11-13,false,20,781,730,22
982,2020-07-21,true,19,782,731,18
983,2023-06-19,false,18,783,732,1
984,2023-11-12,false,17,784,733,50
985,2021-05-13,true,16,785,734,25
986,2022-08-01,false,15,786,735,64
987,2020-04-08,true,14,787,736,47
988,2021-08-12,true,13,788,737,39
989,2021-08-05,false,12,789,738,73
990,2023-05-20,true,11,790,739,21
991,2020-02-20,true,10,791,740,51
992,2023-01-23,false,9,792,741,82
993,2020-11-10,false,8,793,742,85
994,2021-09-16,false,7,794,743,27
995,2021-09-24,true,6,795,744,6
996,2020-05-15,true,5,796,745,46
997,2020-09-08,true,4,797,746,16
998,2022-05-26,true,3,798,747,62
999,2021-02-14,true,2,799,748,15
1000,2023-07-07,false,1,800,749,13
